{
  "average_times" : [
      0.51445,
      0.74265,
      1.12875
  ],
  "0.5": {
    "chosen_exit": [
      41453,
      14185,
      4362
    ],
    "correct_exit": [
      33313,
      11719,
      4084
    ]
  },
  "0.51": {
    "chosen_exit": [
      40575,
      14679,
      4746
    ],
    "correct_exit": [
      32830,
      12209,
      4451
    ]
  },
  "0.52": {
    "chosen_exit": [
      39681,
      15161,
      5158
    ],
    "correct_exit": [
      32356,
      12680,
      4843
    ]
  },
  "0.53": {
    "chosen_exit": [
      38814,
      15618,
      5568
    ],
    "correct_exit": [
      31879,
      13131,
      5235
    ]
  },
  "0.54": {
    "chosen_exit": [
      37980,
      16017,
      6003
    ],
    "correct_exit": [
      31391,
      13545,
      5646
    ]
  },
  "0.55": {
    "chosen_exit": [
      37178,
      16376,
      6446
    ],
    "correct_exit": [
      30903,
      13903,
      6067
    ]
  },
  "0.56": {
    "chosen_exit": [
      36404,
      16720,
      6876
    ],
    "correct_exit": [
      30447,
      14272,
      6477
    ]
  },
  "0.57": {
    "chosen_exit": [
      35610,
      17030,
      7360
    ],
    "correct_exit": [
      29948,
      14628,
      6941
    ]
  },
  "0.58": {
    "chosen_exit": [
      34866,
      17298,
      7836
    ],
    "correct_exit": [
      29478,
      14920,
      7385
    ]
  },
  "0.59": {
    "chosen_exit": [
      34092,
      17583,
      8325
    ],
    "correct_exit": [
      29000,
      15222,
      7858
    ]
  },
  "0.6": {
    "chosen_exit": [
      33341,
      17844,
      8815
    ],
    "correct_exit": [
      28511,
      15521,
      8328
    ]
  },
  "0.61": {
    "chosen_exit": [
      32577,
      18094,
      9329
    ],
    "correct_exit": [
      28001,
      15822,
      8811
    ]
  },
  "0.62": {
    "chosen_exit": [
      31833,
      18326,
      9841
    ],
    "correct_exit": [
      27504,
      16097,
      9308
    ]
  },
  "0.63": {
    "chosen_exit": [
      31068,
      18567,
      10365
    ],
    "correct_exit": [
      27000,
      16384,
      9814
    ]
  },
  "0.64": {
    "chosen_exit": [
      30335,
      18820,
      10845
    ],
    "correct_exit": [
      26494,
      16673,
      10274
    ]
  },
  "0.65": {
    "chosen_exit": [
      29627,
      19000,
      11373
    ],
    "correct_exit": [
      25981,
      16904,
      10781
    ]
  },
  "0.66": {
    "chosen_exit": [
      28836,
      19241,
      11923
    ],
    "correct_exit": [
      25431,
      17176,
      11304
    ]
  },
  "0.67": {
    "chosen_exit": [
      28098,
      19380,
      12522
    ],
    "correct_exit": [
      24915,
      17360,
      11881
    ]
  },
  "0.68": {
    "chosen_exit": [
      27387,
      19505,
      13108
    ],
    "correct_exit": [
      24384,
      17548,
      12447
    ]
  },
  "0.69": {
    "chosen_exit": [
      26654,
      19649,
      13697
    ],
    "correct_exit": [
      23850,
      17739,
      13014
    ]
  },
  "0.7": {
    "chosen_exit": [
      25950,
      19792,
      14258
    ],
    "correct_exit": [
      23322,
      17948,
      13556
    ]
  },
  "0.71": {
    "chosen_exit": [
      25258,
      19917,
      14825
    ],
    "correct_exit": [
      22800,
      18129,
      14098
    ]
  },
  "0.72": {
    "chosen_exit": [
      24529,
      20042,
      15429
    ],
    "correct_exit": [
      22231,
      18303,
      14672
    ]
  },
  "0.73": {
    "chosen_exit": [
      23862,
      20136,
      16002
    ],
    "correct_exit": [
      21703,
      18443,
      15229
    ]
  },
  "0.74": {
    "chosen_exit": [
      23199,
      20170,
      16631
    ],
    "correct_exit": [
      21176,
      18559,
      15834
    ]
  },
  "0.75": {
    "chosen_exit": [
      22485,
      20250,
      17265
    ],
    "correct_exit": [
      20602,
      18676,
      16447
    ]
  },
  "0.76": {
    "chosen_exit": [
      21783,
      20246,
      17971
    ],
    "correct_exit": [
      20038,
      18741,
      17126
    ]
  },
  "0.77": {
    "chosen_exit": [
      21110,
      20258,
      18632
    ],
    "correct_exit": [
      19476,
      18828,
      17758
    ]
  },
  "0.78": {
    "chosen_exit": [
      20383,
      20235,
      19382
    ],
    "correct_exit": [
      18894,
      18867,
      18487
    ]
  },
  "0.79": {
    "chosen_exit": [
      19678,
      20223,
      20099
    ],
    "correct_exit": [
      18302,
      18908,
      19182
    ]
  },
  "0.8": {
    "chosen_exit": [
      19017,
      20203,
      20780
    ],
    "correct_exit": [
      17757,
      18947,
      19841
    ]
  },
  "0.81": {
    "chosen_exit": [
      18296,
      20154,
      21550
    ],
    "correct_exit": [
      17154,
      18964,
      20589
    ]
  },
  "0.82": {
    "chosen_exit": [
      17599,
      20027,
      22374
    ],
    "correct_exit": [
      16559,
      18920,
      21388
    ]
  },
  "0.83": {
    "chosen_exit": [
      16879,
      19929,
      23192
    ],
    "correct_exit": [
      15941,
      18883,
      22189
    ]
  },
  "0.84": {
    "chosen_exit": [
      16115,
      19862,
      24023
    ],
    "correct_exit": [
      15261,
      18870,
      22998
    ]
  },
  "0.85": {
    "chosen_exit": [
      15379,
      19719,
      24902
    ],
    "correct_exit": [
      14610,
      18784,
      23858
    ]
  },
  "0.86": {
    "chosen_exit": [
      14607,
      19590,
      25803
    ],
    "correct_exit": [
      13914,
      18721,
      24730
    ]
  },
  "0.87": {
    "chosen_exit": [
      13865,
      19455,
      26680
    ],
    "correct_exit": [
      13238,
      18646,
      25583
    ]
  },
  "0.88": {
    "chosen_exit": [
      13128,
      19224,
      27648
    ],
    "correct_exit": [
      12577,
      18474,
      26531
    ]
  },
  "0.89": {
    "chosen_exit": [
      12347,
      18973,
      28680
    ],
    "correct_exit": [
      11876,
      18280,
      27544
    ]
  },
  "0.9": {
    "chosen_exit": [
      11515,
      18689,
      29796
    ],
    "correct_exit": [
      11096,
      18059,
      28636
    ]
  },
  "0.91": {
    "chosen_exit": [
      10685,
      18344,
      30971
    ],
    "correct_exit": [
      10339,
      17759,
      29787
    ]
  },
  "0.92": {
    "chosen_exit": [
      9745,
      18040,
      32215
    ],
    "correct_exit": [
      9464,
      17523,
      31003
    ]
  },
  "0.93": {
    "chosen_exit": [
      8860,
      17578,
      33562
    ],
    "correct_exit": [
      8637,
      17113,
      32326
    ]
  },
  "0.94": {
    "chosen_exit": [
      7877,
      17054,
      35069
    ],
    "correct_exit": [
      7714,
      16652,
      33813
    ]
  },
  "0.95": {
    "chosen_exit": [
      6847,
      16431,
      36722
    ],
    "correct_exit": [
      6724,
      16094,
      35451
    ]
  }
}
